{
  "project_info": {
    "project_number": "929422199520",
    "firebase_url": "https://myhospitallocator-f74c0.firebaseio.com",
    "project_id": "myhospitallocator-f74c0",
    "storage_bucket": "myhospitallocator-f74c0.appspot.com"
  },
  "client": [
    {
      "client_info": {
        "mobilesdk_app_id": "1:929422199520:android:3ce6f2f48178bb363e5e85",
        "android_client_info": {
          "package_name": "com.example.myhospitallocator"
        }
      },
      "oauth_client": [
        {
          "client_id": "929422199520-bgjdmh70onvmfbp73hkbomlct9285ago.apps.googleusercontent.com",
          "client_type": 1,
          "android_info": {
            "package_name": "com.example.myhospitallocator",
            "certificate_hash": "18763673be7642f32b5f14ac1916c0ce1ea0bdad"
          }
        },
        {
          "client_id": "929422199520-lialhbkpue92b3h4k0eijcac0qa1b6vh.apps.googleusercontent.com",
          "client_type": 3
        }
      ],
      "api_key": [
        {
          "current_key": "AIzaSyBVLqpfia8dG_w1tTdRTbaF2d4MuxweSy4"
        }
      ],
      "services": {
        "appinvite_service": {
          "other_platform_oauth_client": [
            {
              "client_id": "929422199520-lialhbkpue92b3h4k0eijcac0qa1b6vh.apps.googleusercontent.com",
              "client_type": 3
            }
          ]
        }
      }
    }
  ],
  "configuration_version": "1"
}